{

    "mean": {
      "B02": 1312.085270724453,
      "B03": 1469.2897894396056,
      "B04": 1401.2082060037746,
      "B05": 1817.3873171884743,
      "B06": 2707.6608992472893,
      "B07": 2999.6530507061498,
      "B08": 3087.9168758985325,
      "B8A": 3172.9032771672723,
      "B11": 2089.7150543535995,
      "B12": 1415.0487918818328,
      "DEM": 668.2877422201976,
      "DVH": -17.049818709832504,
      "DVV": -9.845552032891932,
      "AVH": -17.92835505685332,
      "AVV": -10.28004236798383
    },
    "std": {
      "B02": 2198.7446288343767,
      "B03": 2071.941910280828,
      "B04": 2070.779519889041,
      "B05": 2010.101614491535,
      "B06": 1864.378095014352,
      "B07": 1869.4613718605412,
      "B08": 1907.4237726715028,
      "B8A": 1846.5896039274755,
      "B11": 1183.1759773674098,
      "B12": 1043.382442299587,
      "DEM": 675.7387640524197,
      "DVH": 6.806918575491726,
      "DVV": 4.74959165359407,
      "AVH": 7.719747535983921,
      "AVV": 4.99015050124552
    }
}
